row,timestamp,prediction,score,reasons,inter_press_mean,inter_press_std,inter_press_min,inter_press_max,inter_press_median,dwell_mean,dwell_std,dwell_median,flight_mean,flight_std,flight_median,event_count,press_count,release_count,key_press_rate,pause_count,pause_mean,pause_max,max_same_key_streak,most_common_key_ratio,unique_key_count,char_key_count,letter_key_count,digit_key_count,space_count,enter_count,backspace_count,delete_count,tab_count,arrow_key_count,modifier_key_count,function_key_count,special_key_count,correction_key_ratio
1,2026-06-02 17:44:26,normal,0.18071460036701326,,0.2499090830485026,0.28862518752194016,0.08013534545898438,1.533728837966919,0.1704035997390747,0.09727437973022461,0.029859738782987904,0.09391212463378906,0.19437084197998047,0.29131762250738613,0.10531222820281982,50,25,25,4.115028470322651,1,1.533728837966919,1.533728837966919,2,0.2,12,0,21,0,3,0,1,0,0,0,0,0,0,0.04
2,2026-06-02 17:44:30,normal,0.18108056364541675,,0.26089819481498316,0.2618933593101418,0.08013534545898438,1.533728837966919,0.18918061256408691,0.09721869077437963,0.026990304816386226,0.08751702308654785,0.21103218293959095,0.26670657145025545,0.12241339683532715,78,39,39,3.9003745724863523,1,1.533728837966919,1.533728837966919,2,0.15384615384615385,14,0,30,0,6,0,3,0,0,0,0,0,0,0.07692307692307693
3,2026-06-02 17:44:34,normal,0.1704344427948653,,0.24006559209125797,0.17671600501005535,0.030376195907592773,0.7985563278198242,0.19271087646484375,0.09807745421805032,0.029511952690027002,0.08652329444885254,0.1855835481123491,0.18265605191577539,0.12131547927856445,84,42,42,4.220256264936644,0,0,0,2,0.14285714285714285,17,0,31,0,6,0,5,0,0,0,0,0,0,0.11904761904761904
4,2026-06-02 17:44:38,normal,0.14665008794676998,,0.20216922370754942,0.15404529825537572,0.030376195907592773,0.7985563278198242,0.1416943073272705,0.10762927532196045,0.035424830552046635,0.08896422386169434,0.14263416625357964,0.16377579116324117,0.09009504318237305,100,50,50,5.007450579842,0,0,0,2,0.12,17,0,41,0,6,0,3,0,0,0,0,0,0,0.06
5,2026-06-02 17:44:42,normal,0.15019245513457874,,0.2404064379240337,0.4115737837187036,0.06910061836242676,2.658161163330078,0.13342821598052979,0.11127342933263534,0.03467776262037171,0.10017919540405273,0.20752968788146972,0.45476828010340903,0.08117711544036865,79,39,40,3.9068279771336507,1,2.658161163330078,2.658161163330078,2,0.1794871794871795,16,0,32,0,4,0,3,0,0,0,0,0,0,0.07692307692307693
6,2026-06-02 17:45:02,anomaly,-0.033171971892030916,"dwell_mean: 0.0000, dwell_median: 0.0000, press_count: 111.0000, key_press_rate: 29.0335, max_same_key_streak: 111.0000, most_common_key_ratio: 1.0000, letter_key_count: 111.0000",0.030585765838623047,0.0027466173627462833,0.022577285766601562,0.0420536994934082,0.029924631118774414,0,0,0,0,0,0,111,111,0,29.033473436615928,0,0,0,111,1.0,1,0,111,0,0,0,0,0,0,0,0,0,0,0.0
7,2026-06-02 17:45:06,anomaly,-0.03868747845070142,"dwell_mean: 0.0000, dwell_median: 0.0000, event_count: 144.0000, press_count: 143.0000, key_press_rate: 29.5082, max_same_key_streak: 143.0000, most_common_key_ratio: 1.0000, letter_key_count: 143.0000",0.030485230262833413,0.00304629522156562,0.022577285766601562,0.03984808921813965,0.029866456985473633,0,0,0,0,0,0,144,143,1,29.508226072334885,0,0,0,143,1.0,1,0,143,0,0,0,0,0,0,0,0,0,0,0.0
8,2026-06-02 17:45:14,normal,0.156642055428316,,0.18632149696350098,0.13425909059906266,0.07866764068603516,0.48358774185180664,0.12723469734191895,0.10981039206186931,0.02327277932384851,0.10570073127746582,0.13959785870143346,0.14597761039825144,0.08078122138977051,24,12,12,5.60304239804589,0,0,0,1,0.16666666666666666,9,0,10,0,2,0,0,0,0,0,0,0,0,0.0
9,2026-06-02 17:45:19,normal,0.18778297859229082,,0.20585028330485025,0.15258084291006377,0.07866764068603516,0.685004711151123,0.15227603912353516,0.103223983446757,0.029845807906270286,0.09732639789581299,0.15537261962890625,0.15349376547772908,0.10456836223602295,61,31,30,5.019829541857064,0,0,0,2,0.1935483870967742,14,0,25,0,6,0,0,0,0,0,0,0,0,0.0
10,2026-06-02 17:45:23,normal,0.18520994855162537,,0.2170403071812221,0.15738742086772492,0.07866764068603516,0.685004711151123,0.1564793586730957,0.10109759701622857,0.029422742230145616,0.09297692775726318,0.1683743641926692,0.15855741977126034,0.11202096939086914,72,36,36,4.694793358902262,0,0,0,2,0.2222222222222222,15,1,27,0,8,0,0,0,0,0,0,0,0,0.0
11,2026-06-02 17:45:27,normal,0.043769898490444825,"inter_press_max: 5.8737, flight_std: 1.0858, pause_mean: 5.8737, pause_max: 5.8737",0.24283154417828814,0.8975265442536109,0.0007302761077880859,5.8736891746521,0.06374740600585938,0.11480291073138897,0.04137601581887662,0.1102147102355957,0.29359836048550075,1.0857923549498751,0.027453184127807617,82,42,40,4.205729565319117,1,5.8736891746521,5.8736891746521,2,0.11904761904761904,17,1,36,0,5,0,0,0,0,0,0,0,0,0.0
12,2026-06-02 17:45:31,anomaly,-0.09807744287830322,"event_count: 238.0000, press_count: 121.0000, release_count: 117.0000, key_press_rate: 24.6720, letter_key_count: 109.0000, digit_key_count: 12.0000",0.042863154652142764,0.05441755333222453,0.0004489421844482422,0.3399536609649658,0.027333736419677734,0.14625200043376693,0.10140727389271303,0.12341833114624023,0.028035200875380945,0.034159932022491485,0.014246702194213867,238,121,117,24.67203583577164,0,0,0,1,0.09917355371900827,21,0,109,12,0,0,0,0,0,0,0,0,0,0.0
13,2026-06-02 17:45:35,anomaly,-0.09721795063209193,"event_count: 438.0000, press_count: 220.0000, release_count: 218.0000, key_press_rate: 24.6016, letter_key_count: 186.0000, digit_key_count: 34.0000",0.04059625635243425,0.03630812922938491,0.0008349418640136719,0.1588606834411621,0.03016209602355957,0.1370939180391644,0.0955720284616996,0.10847461223602295,0.02534262879380902,0.030086346340940425,0.014412879943847656,438,220,218,24.601561467919016,0,0,0,2,0.09090909090909091,22,0,186,34,0,0,0,0,0,0,0,0,0,0.0
14,2026-06-02 17:45:39,anomaly,-0.09087013520256848,"event_count: 428.0000, press_count: 213.0000, release_count: 215.0000, key_press_rate: 21.3314, unique_key_count: 26.0000, letter_key_count: 164.0000, digit_key_count: 48.0000",0.054402344154589104,0.11966246294560291,0.0008349418640136719,1.172722339630127,0.031004905700683594,0.13713138540026168,0.09962274373974198,0.1048884391784668,0.03605845048255527,0.11011341188387369,0.01517629623413086,428,213,215,21.33144456277913,1,1.172722339630127,1.172722339630127,2,0.0892018779342723,26,0,164,48,1,0,0,0,0,0,0,0,0,0.0
15,2026-06-02 17:45:43,anomaly,-0.10538806906676867,"inter_press_max: 5.5518, event_count: 160.0000, press_count: 78.0000, release_count: 82.0000, pause_max: 5.5518, letter_key_count: 51.0000, digit_key_count: 26.0000",0.1283916560086337,0.6364286822502024,0.0008349418640136719,5.551814794540405,0.028753995895385742,0.12671290299831292,0.09981215150711076,0.1011202335357666,0.202451937728458,0.9036563144905588,0.017012715339660645,160,78,82,7.826624268307737,2,3.362268567085266,5.551814794540405,1,0.08974358974358974,23,0,51,26,1,0,0,0,0,0,0,0,0,0.0
16,2026-06-02 17:45:47,normal,0.08657971140881088,"inter_press_max: 5.5518, flight_std: 1.3439, pause_max: 5.5518",0.5051171779632568,1.2110953990367186,0.1118173599243164,5.551814794540405,0.15984869003295898,0.10506398677825927,0.025212485964239414,0.10168373584747314,0.5111055056254069,1.3438634136044734,0.09663891792297363,40,20,20,2.0625951772702553,2,3.357105255126953,5.551814794540405,1,0.2,11,0,16,0,4,0,0,0,0,0,0,0,0,0.0
17,2026-06-02 17:45:51,normal,0.16660083365702344,,0.2469041645526886,0.3341027592210538,0.07090044021606445,1.804290771484375,0.15387606620788574,0.10289447235338615,0.028313295610116362,0.0976095199584961,0.19782914717992148,0.3822745035044742,0.09463870525360107,66,33,33,4.134374240834024,2,1.483343243598938,1.804290771484375,1,0.21212121212121213,12,0,26,0,7,0,0,0,0,0,0,0,0,0.0
18,2026-06-02 17:45:55,normal,0.1569755680153374,,0.24811792373657227,0.31101934087056027,0.07090044021606445,1.804290771484375,0.15787875652313232,0.10121928773275236,0.030492932343957124,0.09644150733947754,0.2010616143544515,0.35221642445736095,0.0961235761642456,82,41,41,4.110220418896408,2,1.483343243598938,1.804290771484375,1,0.1951219512195122,16,0,32,0,8,0,1,0,0,0,0,0,0,0.024390243902439025
19,2026-06-02 17:46:03,anomaly,-0.07861625619747492,"inter_press_mean: 2.3549, inter_press_std: 2.3998, inter_press_min: 0.6710, inter_press_max: 6.4764, inter_press_median: 1.1360, dwell_mean: 0.3023, dwell_std: 0.1281, dwell_median: 0.3523, flight_mean: 1.6804, flight_std: 2.3946, flight_median: 0.4588, pause_max: 6.4764",2.354871928691864,2.399813207351503,0.6710216999053955,6.47642970085144,1.13601815700531,0.3022732734680176,0.12814520680062416,0.3522920608520508,1.6804257392883302,2.3945546607114045,0.45878028869628906,12,5,7,0.5018863288079726,2,3.9803699254989624,6.47642970085144,1,0.2,5,0,4,0,1,0,0,0,0,0,0,0,0,0.0
20,2026-06-02 17:46:07,anomaly,-0.026068320534503364,"inter_press_min: 0.6710, inter_press_median: 1.0714, dwell_mean: 0.3558, dwell_median: 0.3523, flight_mean: 0.7324, flight_median: 0.7191, pause_count: 4.0000",1.0881646360669817,0.2965368560614283,0.6710216999053955,1.5172669887542725,1.0714049339294434,0.3557828153882708,0.035055059502955704,0.3522920608520508,0.7323818206787109,0.3053989464933089,0.7191128730773926,15,8,7,1.0502612426257845,4,1.2923795580863953,1.5172669887542725,1,0.125,8,0,8,0,0,0,0,0,0,0,0,0,0,0.0
21,2026-06-02 17:46:11,anomaly,-0.025305747091654895,"inter_press_min: 0.6710, inter_press_median: 1.0714, dwell_mean: 0.3564, dwell_median: 0.3563, flight_mean: 0.7324, flight_median: 0.7191, pause_count: 4.0000",1.0881646360669817,0.2965368560614283,0.6710216999053955,1.5172669887542725,1.0714049339294434,0.35635173320770264,0.032825534566220914,0.3563131093978882,0.7323818206787109,0.3053989464933089,0.7191128730773926,16,8,8,1.0028221156219825,4,1.2923795580863953,1.5172669887542725,1,0.125,8,0,8,0,0,0,0,0,0,0,0,0,0,0.0
22,2026-06-03 13:35:56,normal,0.07733872713271617,modifier_key_count: 2.0000,0.44536280632019043,0.6508015702152292,0.03048539161682129,2.0285942554473877,0.14812302589416504,0.11393681168556213,0.04224602151018959,0.09162461757659912,0.5316124359766642,0.7350774513431149,0.06291723251342773,20,10,10,2.443482540998042,2,1.599846363067627,2.0285942554473877,2,0.2,6,2,4,0,0,0,2,0,0,0,2,0,0,0.2
23,2026-06-03 13:36:01,normal,0.10853413858141392,"char_key_count: 3.0000, modifier_key_count: 2.0000",0.2662374819478681,0.3782250749586251,0.03048539161682129,2.0285942554473877,0.15323257446289062,0.10161863962809245,0.040746791327763675,0.08522522449493408,0.21607961654663085,0.40910648887758566,0.08676481246948242,64,32,32,3.838445880700444,2,1.599846363067627,2.0285942554473877,4,0.21875,15,3,17,0,3,0,7,0,0,0,2,0,0,0.21875
24,2026-06-03 13:36:05,normal,0.13953675770416984,,0.18337063491344452,0.08970295464569951,0.04408574104309082,0.41423892974853516,0.16249096393585205,0.09975822604432398,0.03945502499537081,0.08740496635437012,0.1327667120026379,0.16871143508936334,0.10080814361572266,99,49,50,4.9160636031374265,0,0,0,4,0.1836734693877551,15,1,32,0,7,0,9,0,0,0,0,0,0,0.1836734693877551
25,2026-06-03 13:36:09,normal,0.1450693044908406,,0.20459763705730438,0.11891202915956169,0.04408574104309082,0.5519697666168213,0.16249096393585205,0.09780343697995555,0.03996495052960762,0.08918356895446777,0.1333009033668332,0.1093372397057346,0.10491609573364258,98,49,49,4.938115390605579,0,0,0,4,0.1836734693877551,15,1,31,0,8,0,9,0,0,0,0,0,0,0.1836734693877551
26,2026-06-03 13:36:13,normal,0.1650727757896815,,0.20905166991213534,0.1713609572086676,0.07835602760314941,1.0357470512390137,0.14738965034484863,0.10455524921417236,0.03693971326045246,0.09502124786376953,0.14216341843476166,0.18248413890655688,0.08685135841369629,96,48,48,4.822726457286097,1,1.0357470512390137,1.0357470512390137,3,0.1875,15,0,36,0,9,0,3,0,0,0,0,0,0,0.0625
27,2026-06-03 13:36:17,normal,0.15376324527116814,,0.2121194880059425,0.17844903034620654,0.07835602760314941,1.0357470512390137,0.15548157691955566,0.10337901622691054,0.033707619692135204,0.09700441360473633,0.15173698796166313,0.18692618589581797,0.08859765529632568,95,48,47,4.814628798821492,1,1.0357470512390137,1.0357470512390137,2,0.1875,14,2,37,0,9,0,0,0,0,0,0,0,0,0.0
28,2026-06-03 13:36:21,normal,0.15095662227892753,char_key_count: 3.0000,0.22508911291758218,0.14566299670095467,0.08318495750427246,0.7215931415557861,0.17328453063964844,0.09667015630145405,0.03816459390158286,0.08752942085266113,0.14935778927158666,0.14594923232101942,0.09021639823913574,86,43,43,4.5099731744787155,0,0,0,2,0.13953488372093023,17,3,31,0,6,0,3,0,0,0,0,0,0,0.06976744186046512
29,2026-06-03 13:36:25,normal,0.15172841577487672,char_key_count: 3.0000,0.2681663938470789,0.24471376536527847,0.09276223182678223,1.4213902950286865,0.17342567443847656,0.09370347700620953,0.038596476767780934,0.08676159381866455,0.19754574515602805,0.25202203750963437,0.1221768856048584,76,38,38,3.8102594291838376,1,1.4213902950286865,1.4213902950286865,2,0.18421052631578946,15,3,25,0,7,0,3,0,0,0,0,0,0,0.07894736842105263
30,2026-06-03 13:36:50,normal,0.13452200730191205,,0.13475239276885986,0.04988726686857414,0.07838964462280273,0.2507920265197754,0.11981332302093506,0.1139372128706712,0.04206729134976013,0.0905907154083252,0.06392414229256767,0.05888645719522877,0.020929574966430664,26,13,13,7.628805924187293,0,0,0,1,0.23076923076923078,7,0,10,0,3,0,0,0,0,0,0,0,0,0.0
31,2026-06-03 13:36:54,normal,0.1802510938433981,,0.2236744209572121,0.2623449004849354,0.07838964462280273,1.3486948013305664,0.12483596801757812,0.11022454500198364,0.04172331212689512,0.0901416540145874,0.1971861653857761,0.27986098490110095,0.11556887626647949,56,28,28,4.580155074857168,1,1.3486948013305664,1.3486948013305664,1,0.17857142857142858,15,0,23,0,5,0,0,0,0,0,0,0,0,0.0
32,2026-06-03 13:36:58,normal,0.17911608659943018,,0.2673867973121437,0.26280701499851933,0.07859683036804199,1.3486948013305664,0.18585968017578125,0.10456330525247674,0.03597920047210666,0.08860659599304199,0.23323776040758407,0.26411119599546423,0.11781072616577148,77,38,39,3.8073223463150945,1,1.3486948013305664,1.3486948013305664,2,0.18421052631578946,17,0,31,0,7,0,0,0,0,0,0,0,0,0.0
33,2026-06-03 13:37:02,normal,0.16759233687258251,,0.2676275678583094,0.20338290322012095,0.0683889389038086,0.8837940692901611,0.191328763961792,0.09506031086570338,0.030386716635182172,0.08775496482849121,0.2204679012298584,0.2001064359686926,0.1306443214416504,76,38,38,3.8088194022260713,0,0,0,2,0.21052631578947367,17,1,29,0,8,0,0,0,0,0,0,0,0,0.0
34,2026-06-03 13:37:06,normal,0.03824259056067392,"press_count: 70.0000, max_same_key_streak: 49.0000, letter_key_count: 64.0000",0.13894674052362857,0.34427875542581315,0.020377635955810547,2.7289657592773438,0.0344700813293457,0.09258067040216356,0.03252819188180387,0.08108234405517578,0.3220272461573283,0.5866120066062974,0.138327956199646,91,70,21,7.30130659992466,1,2.7289657592773438,2.7289657592773438,49,0.7,14,1,64,0,5,0,0,0,0,0,0,0,0,0.0
35,2026-06-03 13:37:10,anomaly,-0.04314453510811733,"event_count: 202.0000, press_count: 195.0000, key_press_rate: 19.5530, max_same_key_streak: 189.0000, most_common_key_ratio: 0.9692, letter_key_count: 192.0000",0.030436424293903388,0.0040660910809558245,0.017699718475341797,0.04309868812561035,0.030649662017822266,0.083639661471049,0.032260200696438104,0.07330405712127686,0.46944028990609304,0.8949248300049897,0.1264948844909668,202,195,7,19.552991572810758,0,0,0,189,0.9692307692307692,6,1,192,0,2,0,0,0,0,0,0,0,0,0.0
36,2026-06-03 13:37:15,anomaly,-0.044322632090501246,"dwell_mean: 0.0000, dwell_median: 0.0000, event_count: 242.0000, press_count: 241.0000, key_press_rate: 30.8795, max_same_key_streak: 241.0000, most_common_key_ratio: 1.0000, letter_key_count: 241.0000",0.030381089509135546,0.006778386039619134,0.004931211471557617,0.07770347595214844,0.030095577239990234,0,0,0,0,0,0,242,241,1,30.87951372737296,0,0,0,241,1.0,1,0,241,0,0,0,0,0,0,0,0,0,0,0.0
37,2026-06-03 13:37:35,normal,0.14207499522626016,,0.18494060635566711,0.13089872563684185,0.07463288307189941,0.5007667541503906,0.15436851978302002,0.10116124153137207,0.03423839464364488,0.09785819053649902,0.17666993141174317,0.11735151452821668,0.12573814392089844,18,9,9,5.889820317798821,0,0,0,1,0.3333333333333333,5,0,6,0,3,0,0,0,0,0,0,0,0,0.0
38,2026-06-03 13:37:39,normal,0.18163943346002565,,0.18927651438219795,0.13290283239933942,0.07463288307189941,0.6234536170959473,0.151289701461792,0.10134629408518474,0.032724518244040844,0.09134924411773682,0.13883271671476818,0.14237452933336128,0.1033022403717041,60,30,30,5.390681480212745,0,0,0,1,0.26666666666666666,15,0,22,0,8,0,0,0,0,0,0,0,0,0.0
39,2026-06-03 13:37:43,normal,0.15538831058961677,,0.19703476164076064,0.1280820147284239,0.07463288307189941,0.6234536170959473,0.15631103515625,0.10198184718256412,0.03232321183873734,0.09044218063354492,0.1427238197887645,0.13055984432037887,0.10788261890411377,92,46,46,5.100674713641867,0,0,0,1,0.2391304347826087,19,1,33,0,11,0,1,0,0,0,0,0,0,0.021739130434782608
40,2026-06-03 13:37:47,normal,0.10822166246567366,,0.3877910709381103,0.8747403758998851,0.07593655586242676,4.6332807540893555,0.18727779388427734,0.10753616002889779,0.042669614368048225,0.09288084506988525,0.36539396047592165,0.9512698734633467,0.1357361078262329,53,26,27,2.612715414684723,1,4.6332807540893555,4.6332807540893555,1,0.23076923076923078,17,1,18,0,6,0,1,0,0,0,0,0,0,0.038461538461538464
41,2026-06-03 13:37:51,anomaly,-0.030861208927082995,"dwell_mean: 0.2065, dwell_median: 0.2566, flight_mean: 1.0030, flight_std: 1.3423, flight_median: 0.6795, pause_count: 3.0000",1.1970596015453339,1.3495432510003473,0.07593655586242676,4.6332807540893555,0.9424397945404053,0.20653518040974936,0.10145982561429218,0.25655579566955566,1.0030221045017242,1.3423188520707976,0.6794987916946411,18,9,9,0.9106552621630285,3,2.2859760920206704,4.6332807540893555,1,0.2222222222222222,8,1,5,0,2,0,1,0,0,0,0,0,0,0.1111111111111111
42,2026-06-03 13:37:55,anomaly,-0.04161051877059707,"inter_press_min: 0.9276, inter_press_median: 1.1123, dwell_mean: 0.2904, dwell_median: 0.3065, flight_mean: 0.8439, flight_median: 0.7950, pause_count: 4.0000",1.143327275911967,0.1944795772303035,0.9276261329650879,1.5099472999572754,1.1123237609863281,0.2904135840279715,0.03367546279833972,0.3065166473388672,0.8438741366068522,0.1738329303034167,0.7949609756469727,14,7,7,0.9864518020944404,4,1.2437710165977478,1.5099472999572754,1,0.14285714285714285,7,0,7,0,0,0,0,0,0,0,0,0,0,0.0
43,2026-06-03 13:39:11,normal,0.022816958498319773,"inter_press_mean: 1.7316, inter_press_min: 1.6661, inter_press_median: 1.7316, dwell_mean: 0.0000, dwell_median: 0.0000",1.7315670251846313,0.06543505191802979,1.6661319732666016,1.7970020771026611,1.7315670251846313,0,0,0,0,0,0,5,3,2,0.8662673625585241,2,1.7315670251846313,1.7970020771026611,1,0.3333333333333333,3,0,3,0,0,0,0,0,0,0,0,0,0,0.0
44,2026-06-03 13:39:16,normal,0.022816958498319773,"inter_press_mean: 1.7316, inter_press_min: 1.6661, inter_press_median: 1.7316, dwell_mean: 0.0000, dwell_median: 0.0000",1.7315670251846313,0.06543505191802979,1.6661319732666016,1.7970020771026611,1.7315670251846313,0,0,0,0,0,0,6,3,3,0.7625813623278294,2,1.7315670251846313,1.7970020771026611,1,0.3333333333333333,3,0,3,0,0,0,0,0,0,0,0,0,0,0.0
45,2026-06-03 13:39:20,anomaly,-0.0015650772896923515,"inter_press_mean: 2.7760, inter_press_min: 1.7833, inter_press_median: 1.8556, dwell_mean: 0.0000, dwell_median: 0.0000, pause_count: 3.0000",2.7759816646575928,1.3530999676237045,1.783252239227295,4.689098119735718,1.8555946350097656,0,0,0,0,0,0,8,4,4,0.41382190278815484,3,2.7759816646575928,4.689098119735718,1,0.25,4,0,4,0,0,0,0,0,0,0,0,0,0,0.0
46,2026-06-03 13:39:24,normal,0.006504925282888707,"inter_press_mean: 1.9410, inter_press_min: 1.7833, inter_press_median: 1.8829, dwell_mean: 0.0000, dwell_median: 0.0000, pause_count: 4.0000",1.9409589171409607,0.1643546720594938,1.783252239227295,2.2147271633148193,1.8829281330108643,0,0,0,0,0,0,9,5,4,0.6440115702403709,4,1.9409589171409607,2.2147271633148193,1,0.2,5,0,5,0,0,0,0,0,0,0,0,0,0,0.0
47,2026-06-03 13:39:28,anomaly,-0.07552291737556194,"inter_press_mean: 2.0201, inter_press_min: 1.8556, inter_press_median: 2.0051, dwell_mean: 0.3897, dwell_median: 0.3939, flight_mean: 1.5861, flight_median: 1.5682, pause_count: 4.0000",2.0201205015182495,0.1443728041221839,1.8555946350097656,2.2147271633148193,2.0050801038742065,0.3896892547607422,0.0412102936489433,0.39385318756103516,1.5860981941223145,0.179848850542487,1.5682449340820312,11,5,6,0.5061273167644199,4,2.0201205015182495,2.2147271633148193,1,0.2,5,0,5,0,0,0,0,0,0,0,0,0,0,0.0
48,2026-06-03 13:39:32,anomaly,-0.006888085934167787,"inter_press_mean: 2.1057, inter_press_min: 1.4979, inter_press_median: 2.1692, dwell_mean: 0.0000, dwell_median: 0.0000, pause_count: 4.0000",2.105690896511078,0.39317890795522104,1.497861385345459,2.5865743160247803,2.169163942337036,0,0,0,0,0,0,9,5,4,0.5936293888486324,4,2.105690896511078,2.5865743160247803,1,0.2,5,1,4,0,0,0,0,0,0,0,0,0,0,0.0
49,2026-06-03 13:39:36,anomaly,-0.08180451461179072,"inter_press_mean: 1.8291, inter_press_min: 1.1716, inter_press_median: 1.6510, dwell_mean: 0.3586, dwell_median: 0.3565, flight_mean: 1.4625, flight_median: 1.3127, pause_count: 5.0000",1.8290981769561767,0.5128487419870668,1.171583652496338,2.5865743160247803,1.6510422229766846,0.35858237743377686,0.05486881161075444,0.3565349578857422,1.46253399848938,0.47483189499103,1.3127496242523193,12,6,6,0.6339704000309153,5,1.8290981769561767,2.5865743160247803,1,0.16666666666666666,6,1,5,0,0,0,0,0,0,0,0,0,0,0.0
50,2026-06-03 13:39:40,anomaly,-0.06538003633644351,"inter_press_mean: 1.5625, inter_press_min: 1.1716, inter_press_median: 1.4193, dwell_mean: 0.3362, dwell_median: 0.3285, flight_mean: 1.2345, flight_median: 1.1016, pause_count: 5.0000",1.562542486190796,0.3673135543030803,1.171583652496338,2.2292847633361816,1.4192521572113037,0.3362307548522949,0.031369051936554315,0.328482985496521,1.2345232486724853,0.38882861414389314,1.1015651226043701,12,6,6,0.7326006635022498,5,1.562542486190796,2.2292847633361816,1,0.16666666666666666,6,0,6,0,0,0,0,0,0,0,0,0,0,0.0
51,2026-06-03 13:39:45,anomaly,-0.06976573734360414,"inter_press_mean: 1.7477, inter_press_min: 1.3415, inter_press_median: 1.6214, dwell_mean: 0.3269, dwell_median: 0.3214, flight_mean: 1.3178, flight_median: 1.1728, pause_count: 5.0000",1.7476747035980225,0.3645548790044906,1.3415496349334717,2.2292847633361816,1.6213932037353516,0.326923410097758,0.025976919584964467,0.321449875831604,1.3177731434504192,0.41455103842195684,1.1728349924087524,13,6,7,0.6080148935939919,5,1.7476747035980225,2.2292847633361816,1,0.16666666666666666,6,0,6,0,0,0,0,0,0,0,0,0,0,0.0
52,2026-06-03 13:39:49,anomaly,-0.05572629091976489,"inter_press_mean: 1.5334, inter_press_min: 1.2587, inter_press_median: 1.4049, dwell_mean: 0.3299, dwell_median: 0.3300, flight_mean: 1.1935, flight_median: 1.0810, pause_count: 6.0000",1.5334372917811077,0.28613429541841295,1.2587223052978516,2.1268937587738037,1.4048715829849243,0.3298891612461635,0.031155606397641238,0.32996511459350586,1.1935355265935261,0.2902296454487547,1.0810455083847046,14,7,7,0.7391422156038736,6,1.5334372917811077,2.1268937587738037,2,0.2857142857142857,5,0,7,0,0,0,0,0,0,0,0,0,0,0.0
53,2026-06-03 13:39:53,anomaly,-0.05448892490837187,"inter_press_min: 1.0598, inter_press_median: 1.3212, dwell_mean: 0.3086, dwell_median: 0.3300, flight_mean: 1.1033, flight_median: 1.0326, pause_count: 6.0000",1.2892048756281536,0.11256816564499586,1.0597994327545166,1.390491008758545,1.3211725950241089,0.3086465767451695,0.04754036145784811,0.32996511459350586,1.1033479826790946,0.2952453014391023,1.0325884819030762,15,7,8,0.7082180262845676,6,1.2892048756281536,1.390491008758545,2,0.2857142857142857,6,0,6,0,1,0,0,0,0,0,0,0,0,0.0
54,2026-06-03 13:39:57,anomaly,-0.046702884703389236,"inter_press_min: 1.0069, inter_press_median: 1.2966, dwell_mean: 0.3272, dwell_median: 0.3452, flight_mean: 1.0440, flight_median: 1.0268, pause_count: 7.0000",1.3566415650503976,0.2895485696025204,1.0069174766540527,1.8881988525390625,1.2965857982635498,0.327165812253952,0.060460510524559766,0.34515225887298584,1.0440475259508406,0.27125783144207916,1.0267722606658936,16,8,8,0.805991809226304,7,1.3566415650503976,1.8881988525390625,2,0.25,6,0,6,0,2,0,0,0,0,0,0,0,0,0.0
55,2026-06-03 13:40:01,anomaly,-0.06139949781497034,"inter_press_mean: 1.5504, inter_press_min: 1.0069, inter_press_median: 1.6264, dwell_mean: 0.3634, dwell_median: 0.3464, flight_mean: 1.1815, flight_median: 1.2386, pause_count: 6.0000",1.5503805081049602,0.29806638584741046,1.0069174766540527,1.8881988525390625,1.6263761520385742,0.3634111540658133,0.03126707566484655,0.3463575839996338,1.1815277735392253,0.2921695438391814,1.238613247871399,14,7,7,0.7266653694327367,6,1.5503805081049602,1.8881988525390625,1,0.2857142857142857,5,0,6,0,1,0,0,0,0,0,0,0,0,0.0
56,2026-06-03 13:40:05,anomaly,-0.06084595603857168,"inter_press_mean: 1.5111, inter_press_min: 1.0069, inter_press_median: 1.6004, dwell_mean: 0.3551, dwell_median: 0.3442, flight_mean: 1.1472, flight_median: 1.2197, pause_count: 6.0000",1.511138121287028,0.2667239393602987,1.0069174766540527,1.8119397163391113,1.6003965139389038,0.3550596237182617,0.038794208421253897,0.3442392349243164,1.1472045580546062,0.25981368277727146,1.219739317893982,14,7,7,0.747173173220453,6,1.511138121287028,1.8119397163391113,1,0.2857142857142857,6,0,5,0,2,0,0,0,0,0,0,0,0,0.0
57,2026-06-03 13:40:09,anomaly,-0.06949129520386887,"inter_press_mean: 1.5796, inter_press_min: 1.3414, inter_press_median: 1.6229, dwell_mean: 0.3462, dwell_median: 0.3321, flight_mean: 1.2421, flight_median: 1.3060, pause_count: 6.0000",1.5796127716700237,0.1707202519799326,1.341372013092041,1.8119397163391113,1.6229430437088013,0.34622253690447125,0.032116152483299555,0.33214616775512695,1.242089072863261,0.1656963315128931,1.3059619665145874,14,7,7,0.7087823666917387,6,1.5796127716700237,1.8119397163391113,1,0.14285714285714285,7,0,6,0,1,0,0,0,0,0,0,0,0,0.0
58,2026-06-03 13:40:14,anomaly,-0.06518253298193244,"inter_press_mean: 1.4926, inter_press_min: 1.3414, inter_press_median: 1.4967, dwell_mean: 0.3426, dwell_median: 0.3321, flight_mean: 1.1533, flight_median: 1.1337, pause_count: 6.0000",1.4925545454025269,0.12273575331488262,1.341372013092041,1.6573376655578613,1.4967375993728638,0.3425628457750593,0.029062510855919165,0.33214616775512695,1.153277079264323,0.1265598594891099,1.1337170600891113,14,7,7,0.751266227350132,6,1.4925545454025269,1.6573376655578613,1,0.14285714285714285,7,0,6,0,1,0,0,0,0,0,0,0,0,0.0
59,2026-06-03 13:40:42,normal,0.16286166984445488,,0.1655275400947122,0.11664594884738023,0.04631543159484863,0.5946404933929443,0.15216374397277832,0.0934606159434599,0.02877131057782792,0.08281135559082031,0.1048446251795842,0.11888174800453981,0.06794404983520508,35,18,17,6.396660814302701,0,0,0,2,0.2222222222222222,10,0,14,0,4,0,0,0,0,0,0,0,0,0.0
60,2026-06-03 13:40:46,normal,0.18178422024009316,,0.18210279941558838,0.12062398955449748,0.04631543159484863,0.6332213878631592,0.1526111364364624,0.09989926062132183,0.03364701028449774,0.08469939231872559,0.12268466785036285,0.12030773640440658,0.09382891654968262,77,39,38,5.635914399819103,0,0,0,2,0.20512820512820512,15,0,30,0,8,0,1,0,0,0,0,0,0,0.02564102564102564
61,2026-06-03 13:40:50,normal,0.15395410604646642,,0.19416476755726095,0.165907569513287,0.04631543159484863,1.0171194076538086,0.14948105812072754,0.10301734963241889,0.03391854093101742,0.08958578109741211,0.14316750253949848,0.18048681053390367,0.09382891654968262,99,50,49,5.255372414381917,1,1.0171194076538086,1.0171194076538086,2,0.18,16,0,37,0,9,0,4,0,0,0,0,0,0,0.08
62,2026-06-03 13:40:54,normal,0.1661614424446966,,0.20943187145476647,0.17126466447685385,0.04631543159484863,1.0171194076538086,0.14982867240905762,0.10572642584641774,0.03566033180745392,0.09198451042175293,0.1538501535143171,0.18022577562052958,0.10586738586425781,96,48,48,4.809199880638669,1,1.0171194076538086,1.0171194076538086,2,0.1875,15,0,34,0,9,0,5,0,0,0,0,0,0,0.10416666666666667
63,2026-06-03 13:40:58,normal,0.10529879768351058,"flight_std: 1.0351, pause_mean: 5.0925",0.3495210920061384,0.9174343426366374,0.06694364547729492,5.092512845993042,0.14069461822509766,0.10685631324504984,0.035007336192098136,0.09544491767883301,0.3384698232014974,1.0350916103640442,0.10390639305114746,58,29,29,2.9367538138744016,1,5.092512845993042,5.092512845993042,2,0.20689655172413793,14,0,19,0,6,0,4,0,0,0,0,0,0,0.13793103448275862
64,2026-06-03 13:41:03,normal,0.18614603731498514,,0.2108558075768607,0.21617902860402247,0.06694364547729492,1.1035916805267334,0.1397099494934082,0.10305795998408876,0.03197509022286238,0.09441566467285156,0.17388006619044713,0.23544788986746665,0.10421395301818848,58,29,29,4.827978318579733,1,1.1035916805267334,1.1035916805267334,1,0.2413793103448276,14,0,21,0,7,0,1,0,0,0,0,0,0,0.034482758620689655
65,2026-06-03 13:41:07,normal,0.15756709219542653,,0.21625544759962295,0.20716305063749435,0.06694364547729492,1.1035916805267334,0.14121174812316895,0.09949214562125828,0.03154761321910679,0.09385514259338379,0.17358697482517788,0.22121761079350857,0.10390639305114746,92,46,46,4.671493959814321,1,1.1035916805267334,1.1035916805267334,3,0.2391304347826087,17,0,30,0,11,0,5,0,0,0,0,0,0,0.10869565217391304
66,2026-06-03 13:41:27,normal,0.15659690612707927,,0.15712840855121613,0.058724634295878826,0.07768893241882324,0.30882763862609863,0.14077353477478027,0.10750342817867503,0.041440537634763505,0.09074759483337402,0.08472524086634318,0.06315858536047207,0.08302760124206543,34,17,17,6.5927913572253,0,0,0,1,0.17647058823529413,12,0,13,0,3,0,1,0,0,0,0,0,0,0.058823529411764705
67,2026-06-03 13:41:31,normal,0.17983974899068095,,0.1857247551282247,0.14100147850163092,0.03674745559692383,0.8609116077423096,0.14128470420837402,0.10706114106708103,0.03982162968803883,0.09101033210754395,0.12948396376201085,0.1541018773254924,0.10232424736022949,73,37,36,5.533876068745915,0,0,0,2,0.16216216216216217,14,0,28,0,6,0,3,0,0,0,0,0,0,0.08108108108108109
68,2026-06-03 13:41:35,normal,0.1367291570833294,,0.19469309320636824,0.174305796611983,0.03674745559692383,0.9184458255767822,0.13836979866027832,0.11230066710827398,0.04194795401068872,0.0967414379119873,0.14281148032138222,0.18744733790048,0.09612405300140381,104,52,52,5.217207451515683,0,0,0,2,0.19230769230769232,18,1,39,0,10,0,2,0,0,0,0,0,0,0.038461538461538464
69,2026-06-03 13:41:39,normal,0.12179579199732382,,0.1869498374415379,0.1434494907435925,0.07854366302490234,0.9184458255767822,0.14231419563293457,0.1130987130678617,0.037865091046865945,0.09861171245574951,0.12285999059677125,0.14343813362830132,0.09826076030731201,104,52,52,5.394403610492176,0,0,0,2,0.21153846153846154,17,2,38,0,11,0,1,0,0,0,0,0,0,0.019230769230769232
70,2026-06-03 13:41:44,anomaly,-0.09981419615821052,"event_count: 194.0000, press_count: 99.0000, release_count: 95.0000, key_press_rate: 9.9080, unique_key_count: 27.0000, letter_key_count: 61.0000, digit_key_count: 32.0000",0.10118101810922428,0.2722494357723024,0.005277156829833984,2.6735782623291016,0.044388771057128906,0.12292557320696243,0.06894828045376819,0.10603511333465576,0.10395226912064985,0.340019383056313,0.041068315505981445,194,99,95,9.90795106231705,1,2.6735782623291016,2.6735782623291016,1,0.09090909090909091,27,1,61,32,5,0,0,0,0,0,0,0,0,0.0
71,2026-06-03 13:41:48,anomaly,-0.11135443249105026,"event_count: 342.0000, press_count: 171.0000, release_count: 171.0000, key_press_rate: 17.2917, unique_key_count: 29.0000, letter_key_count: 122.0000, digit_key_count: 46.0000",0.04058624758864894,0.04047568246742724,0.0022161006927490234,0.19868993759155273,0.02489757537841797,0.13187879707381042,0.10061487094998238,0.10509061813354492,0.06339258458240922,0.27895544272899975,0.02094888687133789,342,171,171,17.291678837748112,0,0,0,1,0.1286549707602339,29,0,122,46,2,0,0,0,0,0,1,0,0,0.0
72,2026-06-03 13:42:04,anomaly,-0.021103246719899493,"dwell_mean: 0.0000, dwell_median: 0.0000, press_count: 68.0000, key_press_rate: 24.1573, max_same_key_streak: 67.0000, most_common_key_ratio: 0.9853, letter_key_count: 68.0000",0.04201320391982349,0.0913875106742197,0.018729686737060547,0.7834701538085938,0.03018641471862793,0,0,0,0,0,0,69,68,1,24.157295289147097,0,0,0,67,0.9852941176470589,2,0,68,0,0,0,0,0,0,0,0,0,0,0.0
73,2026-06-03 13:42:08,anomaly,-0.04577514823550222,"dwell_mean: 0.0000, dwell_median: 0.0000, event_count: 205.0000, press_count: 204.0000, key_press_rate: 29.3253, max_same_key_streak: 203.0000, most_common_key_ratio: 0.9951, letter_key_count: 204.0000",0.030382958325472744,0.003908681971200297,0.015174150466918945,0.04173779487609863,0.030189037322998047,0,0,0,0,0,0,205,204,1,29.325299463089138,0,0,0,203,0.9950980392156863,2,0,204,0,0,0,0,0,0,0,0,0,0,0.0
74,2026-06-03 13:42:12,anomaly,-0.044322632090501246,"dwell_mean: 0.0000, dwell_median: 0.0000, event_count: 330.0000, press_count: 330.0000, key_press_rate: 33.0259, max_same_key_streak: 330.0000, most_common_key_ratio: 1.0000, letter_key_count: 330.0000",0.030377185705936317,0.004850393018166016,0.020319461822509766,0.04527759552001953,0.029879331588745117,0,0,0,0,0,0,330,330,0,33.025874692637316,0,0,0,330,1.0,1,0,330,0,0,0,0,0,0,0,0,0,0,0.0
75,2026-06-03 13:42:16,anomaly,-0.044322632090501246,"dwell_mean: 0.0000, dwell_median: 0.0000, event_count: 329.0000, press_count: 329.0000, key_press_rate: 32.9632, max_same_key_streak: 329.0000, most_common_key_ratio: 1.0000, letter_key_count: 329.0000",0.030540389244002524,0.0036309522285674556,0.021942853927612305,0.040795087814331055,0.030135154724121094,0,0,0,0,0,0,329,329,0,32.96316066582752,0,0,0,329,1.0,1,0,329,0,0,0,0,0,0,0,0,0,0,0.0
76,2026-06-03 13:42:21,anomaly,-0.034100727622876637,"dwell_mean: 0.0000, dwell_median: 0.0000, event_count: 314.0000, press_count: 313.0000, key_press_rate: 31.3164, max_same_key_streak: 198.0000, letter_key_count: 313.0000",0.030590449920808425,0.00434730405821984,0.020389080047607422,0.04207420349121094,0.030048131942749023,0,0,0,0,0,0,314,313,1,31.31637532099581,0,0,0,198,0.6325878594249201,2,0,313,0,0,0,0,0,0,0,0,0,0,0.0
77,2026-06-03 13:42:25,anomaly,-0.038165305278785144,"dwell_mean: 0.0000, dwell_median: 0.0000, event_count: 312.0000, press_count: 310.0000, key_press_rate: 31.0278, max_same_key_streak: 240.0000, most_common_key_ratio: 0.7742, letter_key_count: 310.0000",0.03123789845090924,0.007957829574374234,0.021025419235229492,0.09776067733764648,0.03004908561706543,0,0,0,0,0,0,312,310,2,31.027843881030993,0,0,0,240,0.7741935483870968,3,0,310,0,0,0,0,0,0,0,0,0,0,0.0
78,2026-06-03 13:42:29,anomaly,-0.034100727622876637,"dwell_mean: 0.0000, dwell_median: 0.0000, event_count: 313.0000, press_count: 312.0000, key_press_rate: 31.2146, max_same_key_streak: 182.0000, letter_key_count: 312.0000",0.030437992076681117,0.004563416294581203,0.01874709129333496,0.04186391830444336,0.03086709976196289,0,0,0,0,0,0,313,312,1,31.214584355583582,0,0,0,182,0.5833333333333334,2,0,312,0,0,0,0,0,0,0,0,0,0,0.0
79,2026-06-03 13:42:33,anomaly,-0.037377163370232,"dwell_mean: 0.0000, dwell_median: 0.0000, event_count: 313.0000, press_count: 312.0000, key_press_rate: 31.2511, max_same_key_streak: 267.0000, most_common_key_ratio: 0.8558, letter_key_count: 312.0000",0.03038356039259169,0.004097879548591201,0.01784491539001465,0.04090571403503418,0.03037118911743164,0,0,0,0,0,0,313,312,1,31.25108220445765,0,0,0,267,0.8557692307692307,2,0,312,0,0,0,0,0,0,0,0,0,0,0.0
80,2026-06-03 13:42:37,anomaly,-0.044322632090501246,"dwell_mean: 0.0000, dwell_median: 0.0000, event_count: 330.0000, press_count: 330.0000, key_press_rate: 33.0109, max_same_key_streak: 330.0000, most_common_key_ratio: 1.0000, letter_key_count: 330.0000",0.030386057767001064,0.004142493474564755,0.021018028259277344,0.03951597213745117,0.030493736267089844,0,0,0,0,0,0,330,330,0,33.010861942903375,0,0,0,330,1.0,1,0,330,0,0,0,0,0,0,0,0,0,0,0.0
81,2026-06-03 13:42:41,anomaly,-0.044322632090501246,"dwell_mean: 0.0000, dwell_median: 0.0000, event_count: 329.0000, press_count: 328.0000, key_press_rate: 32.8422, max_same_key_streak: 328.0000, most_common_key_ratio: 1.0000, letter_key_count: 328.0000",0.030361587351018734,0.006270628350510749,0.0057866573333740234,0.06852316856384277,0.030152082443237305,0,0,0,0,0,0,329,328,1,32.8422306066348,0,0,0,328,1.0,1,0,328,0,0,0,0,0,0,0,0,0,0,0.0
82,2026-06-03 21:38:00,normal,0.13060006656154277,,0.17301210990318885,0.06276445632765362,0.08988332748413086,0.28519487380981445,0.17113590240478516,0.1090387747837947,0.030356076722634177,0.11948704719543457,0.092295841737227,0.05419458947568709,0.08520054817199707,27,14,13,6.2245531687098845,0,0,0,2,0.14285714285714285,9,1,11,0,2,0,0,0,0,0,0,0,0,0.0
83,2026-06-03 21:38:04,normal,0.15304955844325413,,0.18005512699936377,0.09524445308647678,0.08276152610778809,0.5393173694610596,0.16114521026611328,0.10982183849110323,0.03196384364565395,0.10525631904602051,0.11299466169797458,0.08280036999585273,0.08791589736938477,68,34,34,5.631392012331964,0,0,0,6,0.17647058823529413,15,1,22,0,5,0,6,0,0,0,0,0,0,0.17647058823529413
84,2026-06-03 21:38:16,normal,0.07396235720297872,"dwell_mean: 0.0000, dwell_median: 0.0000",0.2598257064819336,0.03342453700068217,0.23526525497436523,0.3070828914642334,0.23712897300720215,0,0,0,0,0,0,8,4,4,4.648602638672152,0,0,0,1,0.25,4,1,1,0,1,0,1,0,0,0,0,0,0,0.25
85,2026-06-03 21:38:20,normal,0.16294789418042815,,0.24446295437059903,0.14991037113329211,0.08070087432861328,0.6654660701751709,0.2067115306854248,0.09207320213317871,0.02718347065267028,0.0830085277557373,0.18421776592731476,0.1539399089513945,0.14876818656921387,40,20,20,4.245034711827162,0,0,0,1,0.2,13,1,13,0,4,0,2,0,0,0,0,0,0,0.1
86,2026-06-03 21:38:24,normal,0.18615610356402768,,0.22258456757194117,0.1424385860662722,0.07822513580322266,0.6654660701751709,0.1620464324951172,0.09854866296817096,0.02927315141407774,0.0921175479888916,0.16869734128316244,0.1479874535276404,0.11613404750823975,78,39,39,4.558269678437418,0,0,0,2,0.20512820512820512,15,1,28,0,8,0,2,0,0,0,0,0,0,0.05128205128205128
87,2026-06-03 21:38:28,normal,0.18181669568997633,,0.22361113858777423,0.17665543431942327,0.07377123832702637,0.8741037845611572,0.16054415702819824,0.10106348991394043,0.03028492675296833,0.09395551681518555,0.17974728345870972,0.18634507342448886,0.1134943962097168,88,44,44,4.5381866397350015,0,0,0,2,0.18181818181818182,15,1,32,0,8,0,3,0,0,0,0,0,0,0.06818181818181818
88,2026-06-03 21:38:32,normal,0.15817513008019357,,0.2565956805881701,0.37341249347667693,0.07377123832702637,2.3174312114715576,0.15169942378997803,0.09932341942420372,0.029737832081950778,0.09280729293823242,0.22821997744696482,0.42034126798894694,0.10435497760772705,78,39,39,3.978412197750837,1,2.3174312114715576,2.3174312114715576,2,0.20512820512820512,15,2,26,0,8,0,3,0,0,0,0,0,0,0.07692307692307693
89,2026-06-03 21:38:52,anomaly,-0.03053095413566942,"dwell_mean: 0.0000, dwell_median: 0.0000, press_count: 96.0000, key_press_rate: 28.5101, max_same_key_streak: 96.0000, most_common_key_ratio: 1.0000, letter_key_count: 96.0000",0.03544446292676424,0.046658584668683195,0.014458179473876953,0.4848747253417969,0.03004288673400879,0,0,0,0,0,0,96,96,0,28.510131973996472,0,0,0,96,1.0,1,0,96,0,0,0,0,0,0,0,0,0,0,0.0
90,2026-06-03 21:38:56,anomaly,-0.044322632090501246,"dwell_mean: 0.0000, dwell_median: 0.0000, event_count: 229.0000, press_count: 229.0000, key_press_rate: 30.8327, max_same_key_streak: 229.0000, most_common_key_ratio: 1.0000, letter_key_count: 229.0000",0.030546234111593226,0.005173414232798775,0.019278764724731445,0.04857587814331055,0.029996395111083984,0,0,0,0,0,0,229,229,0,30.832699053186246,0,0,0,229,1.0,1,0,229,0,0,0,0,0,0,0,0,0,0,0.0
91,2026-06-03 21:39:00,anomaly,-0.044322632090501246,"dwell_mean: 0.0000, dwell_median: 0.0000, event_count: 261.0000, press_count: 260.0000, key_press_rate: 30.8628, max_same_key_streak: 260.0000, most_common_key_ratio: 1.0000, letter_key_count: 260.0000",0.030519661277231543,0.004585008151768553,0.019278764724731445,0.04857587814331055,0.02991032600402832,0,0,0,0,0,0,261,260,1,30.862846151695273,0,0,0,260,1.0,1,0,260,0,0,0,0,0,0,0,0,0,0,0.0
92,2026-06-03 21:46:54,normal,0.06653990815405819,"dwell_mean: 0.0000, dwell_median: 0.0000, correction_key_ratio: 0.5000",0.390959898630778,0.4411656609727138,0.022030353546142578,1.011152744293213,0.13969659805297852,0,0,0,0,0,0,8,4,4,3.172122437774109,1,1.011152744293213,1.011152744293213,2,0.5,3,1,0,0,0,0,2,0,0,0,1,0,0,0.5
93,2026-06-03 21:46:58,normal,0.07260057060915581,,0.8945844570795695,1.249132541589164,0.022030353546142578,3.59517502784729,0.2997260093688965,0.12076433499654134,0.03748367695093258,0.10721039772033691,0,0,0,13,7,6,1.3041436808273281,2,2.3031638860702515,3.59517502784729,2,0.2857142857142857,6,1,2,0,1,0,2,0,0,0,1,0,0,0.2857142857142857
94,2026-06-03 21:47:02,normal,0.10366457421616548,,0.3416756024727455,0.6765395634781717,0.022030353546142578,3.59517502784729,0.1592780351638794,0.10842482248942058,0.03448634264483599,0.09778571128845215,0.3198097348213196,0.7562973675841868,0.11774659156799316,54,27,27,3.011045683040896,2,2.3031638860702515,3.59517502784729,2,0.18518518518518517,15,1,17,0,5,0,3,0,0,0,1,0,0,0.1111111111111111
95,2026-06-03 21:47:06,normal,0.18853789544827115,,0.2358734029712099,0.18827648661277427,0.06984138488769531,1.0475761890411377,0.1653461456298828,0.10368629062876981,0.0318846895759187,0.09645342826843262,0.1558828353881836,0.18598300677409002,0.09878230094909668,68,34,34,4.322488672915507,1,1.0475761890411377,1.0475761890411377,1,0.20588235294117646,16,1,25,0,7,0,1,0,0,0,0,0,0,0.029411764705882353
96,2026-06-03 21:47:10,anomaly,-0.0033631429135464463,"event_count: 147.0000, press_count: 129.0000, key_press_rate: 12.9058, max_same_key_streak: 112.0000, most_common_key_ratio: 0.8682, letter_key_count: 124.0000",0.03048950012284096,0.0050050037482688966,0.012158393859863281,0.050478219985961914,0.029996395111083984,0.10179533677942612,0.03406784262769341,0.09290313720703125,0.2625582919401281,0.3161092204605676,0.14417815208435059,147,129,18,12.905808115815976,0,0,0,112,0.8682170542635659,14,1,124,0,3,0,1,0,0,0,0,0,0,0.007751937984496124
97,2026-06-03 21:47:14,anomaly,-0.040662183144185904,"event_count: 254.0000, press_count: 249.0000, key_press_rate: 24.9449, max_same_key_streak: 244.0000, most_common_key_ratio: 0.9799, letter_key_count: 247.0000",0.03058072774097173,0.003981628210798968,0.020906925201416016,0.041454315185546875,0.030216217041015625,0.0962151050567627,0.041164796968816524,0.08359456062316895,0.3213642597198486,0.4290792226779028,0.09878230094909668,254,249,5,24.944936884429783,0,0,0,244,0.9799196787148594,6,1,247,0,1,0,0,0,0,0,0,0,0,0.0
98,2026-06-03 21:47:18,anomaly,-0.044322632090501246,"dwell_mean: 0.0000, dwell_median: 0.0000, event_count: 298.0000, press_count: 297.0000, key_press_rate: 31.0338, max_same_key_streak: 297.0000, most_common_key_ratio: 1.0000, letter_key_count: 297.0000",0.030609046569978347,0.006025678619564898,0.008096694946289062,0.06056714057922363,0.03014826774597168,0,0,0,0,0,0,298,297,1,31.033780183245817,0,0,0,297,1.0,1,0,297,0,0,0,0,0,0,0,0,0,0,0.0
99,2026-06-03 22:03:39,normal,0.12471151419091309,,0.25399208068847656,0.10438235632657276,0.15536880493164062,0.4057786464691162,0.2274104356765747,0.11015644073486328,0.024276110855624814,0.10062599182128906,0,0,0,10,5,5,4.5409884909334055,0,0,0,2,0.4,4,0,5,0,0,0,0,0,0,0,0,0,0,0.0
100,2026-06-03 22:03:43,normal,0.13458432109624846,,0.24607341289520263,0.20033035338057154,0.03861069679260254,0.979250431060791,0.1899358034133911,0.1401583921341669,0.04080116165314178,0.13631749153137207,0.18464631693703787,0.18755503124876677,0.13923192024230957,42,21,21,4.0986563883037475,0,0,0,3,0.19047619047619047,10,0,21,0,0,0,0,0,0,0,0,0,0,0.0
101,2026-06-03 22:03:48,normal,0.10992507031402005,dwell_median: 0.1570,0.2797612060200084,0.2151541989896308,0.0025415420532226562,0.979250431060791,0.20485854148864746,0.16019016323667584,0.048436919773357026,0.15702128410339355,0.21369622064673383,0.195578435422873,0.148529052734375,67,34,33,3.6827944980668383,0,0,0,3,0.17647058823529413,14,0,34,0,0,0,0,0,0,0,0,0,0,0.0
102,2026-06-03 22:03:52,normal,0.08578782193883544,"dwell_mean: 0.1910, dwell_median: 0.1985",0.3069515526294708,0.2561251304451211,0.0025415420532226562,0.979250431060791,0.20635640621185303,0.19102743268013,0.048663168081901825,0.19848501682281494,0.265974760055542,0.2391562094520407,0.18162071704864502,65,33,32,3.3307696657752497,0,0,0,2,0.18181818181818182,9,0,33,0,0,0,0,0,0,0,0,0,0,0.0
103,2026-06-03 22:03:56,anomaly,-0.0565430443439735,"dwell_mean: 0.2004, dwell_median: 0.2193, event_count: 146.0000, press_count: 123.0000, key_press_rate: 12.4153, max_same_key_streak: 102.0000, most_common_key_ratio: 0.8455, letter_key_count: 123.0000",0.03064291404955315,0.00423317561023681,0.019907474517822266,0.046846866607666016,0.03001570701599121,0.20044790614734997,0.0555152949230817,0.21932590007781982,0.22270097732543945,0.21257653096151177,0.1325676441192627,146,123,23,12.415321511481864,0,0,0,102,0.8455284552845529,8,0,123,0,0,0,0,0,0,0,0,0,0,0.0
104,2026-06-03 22:04:00,anomaly,-0.08991931330258873,"dwell_mean: 0.1855, dwell_median: 0.2174, event_count: 244.0000, press_count: 234.0000, key_press_rate: 23.6059, max_same_key_streak: 226.0000, most_common_key_ratio: 0.9701, letter_key_count: 234.0000",0.03056823123585094,0.004426988917606028,0.017991065979003906,0.04503655433654785,0.030032873153686523,0.18551988601684571,0.07054132486200317,0.21735715866088867,0.214301864306132,0.17226163370627787,0.17311108112335205,244,234,10,23.605883653851357,0,0,0,226,0.9700854700854701,6,0,234,0,0,0,0,0,0,0,0,0,0,0.0
105,2026-06-03 22:14:55,normal,0.16385874768735081,,0.19724886757986887,0.10084296525379874,0.09456396102905273,0.4731459617614746,0.16160082817077637,0.10641249588557652,0.032421784014927436,0.0949927568435669,0.1360384984449907,0.09347722103147502,0.1152040958404541,29,15,14,5.431861711422677,0,0,0,2,0.2,9,0,12,0,3,0,0,0,0,0,0,0,0,0.0
106,2026-06-03 22:14:59,normal,0.1741904319000247,,0.20938902152212044,0.14072997223781863,0.09456396102905273,0.6659717559814453,0.1603837013244629,0.10612277984619141,0.029143133630140663,0.09841549396514893,0.14694531758626303,0.13966788568983327,0.11118888854980469,40,20,20,4.905605517084574,0,0,0,2,0.15,12,0,17,0,3,0,0,0,0,0,0,0,0,0.0
107,2026-06-03 22:15:15,anomaly,-0.0013529735836168566,"dwell_mean: 0.0000, dwell_median: 0.0000, key_press_rate: 23.7091, max_same_key_streak: 37.0000, most_common_key_ratio: 1.0000",0.04334952433904012,0.07542769686823907,0.017152070999145508,0.4889247417449951,0.03016364574432373,0,0,0,0,0,0,37,37,0,23.709090086881808,0,0,0,37,1.0,1,0,37,0,0,0,0,0,0,0,0,0,0,0.0
108,2026-06-03 22:15:19,anomaly,-0.044322632090501246,"dwell_mean: 0.0000, dwell_median: 0.0000, event_count: 170.0000, press_count: 170.0000, key_press_rate: 30.2621, max_same_key_streak: 170.0000, most_common_key_ratio: 1.0000, letter_key_count: 170.0000",0.030518423427234997,0.00386093403444365,0.019759416580200195,0.0411677360534668,0.030091524124145508,0,0,0,0,0,0,170,170,0,30.26207747019254,0,0,0,170,1.0,1,0,170,0,0,0,0,0,0,0,0,0,0,0.0
109,2026-06-03 22:15:23,anomaly,-0.044322632090501246,"dwell_mean: 0.0000, dwell_median: 0.0000, event_count: 304.0000, press_count: 304.0000, key_press_rate: 31.3244, max_same_key_streak: 304.0000, most_common_key_ratio: 1.0000, letter_key_count: 304.0000",0.030486588526253747,0.003897125849739803,0.02079319953918457,0.0398402214050293,0.030180931091308594,0,0,0,0,0,0,304,304,0,31.324382443456198,0,0,0,304,1.0,1,0,304,0,0,0,0,0,0,0,0,0,0,0.0
110,2026-06-03 22:15:27,anomaly,-0.044322632090501246,"dwell_mean: 0.0000, dwell_median: 0.0000, event_count: 314.0000, press_count: 313.0000, key_press_rate: 32.6380, max_same_key_streak: 313.0000, most_common_key_ratio: 1.0000, letter_key_count: 313.0000",0.03049078613820702,0.0038649463517772794,0.02079319953918457,0.0398402214050293,0.030180931091308594,0,0,0,0,0,0,314,313,1,32.63796868392019,0,0,0,313,1.0,1,0,313,0,0,0,0,0,0,0,0,0,0,0.0
111,2026-06-03 22:16:07,anomaly,-0.010787005065434063,"dwell_mean: 0.0000, dwell_median: 0.0000, key_press_rate: 25.7422, max_same_key_streak: 54.0000, most_common_key_ratio: 1.0000, letter_key_count: 54.0000",0.03957971986734642,0.06278167127863858,0.020910978317260742,0.4915351867675781,0.030140161514282227,0,0,0,0,0,0,54,54,0,25.742171191284147,0,0,0,54,1.0,1,0,54,0,0,0,0,0,0,0,0,0,0,0.0
112,2026-06-03 22:16:11,anomaly,-0.044322632090501246,"dwell_mean: 0.0000, dwell_median: 0.0000, event_count: 188.0000, press_count: 188.0000, key_press_rate: 30.3999, max_same_key_streak: 188.0000, most_common_key_ratio: 1.0000, letter_key_count: 188.0000",0.03052854778790715,0.0033526443279298843,0.02195906639099121,0.040662527084350586,0.030048608779907227,0,0,0,0,0,0,188,188,0,30.39992727418807,0,0,0,188,1.0,1,0,188,0,0,0,0,0,0,0,0,0,0,0.0
113,2026-06-03 22:16:15,anomaly,-0.044322632090501246,"dwell_mean: 0.0000, dwell_median: 0.0000, event_count: 320.0000, press_count: 320.0000, key_press_rate: 32.8211, max_same_key_streak: 320.0000, most_common_key_ratio: 1.0000, letter_key_count: 320.0000",0.03050744653952242,0.00395655457698878,0.01431727409362793,0.04432821273803711,0.03002333641052246,0,0,0,0,0,0,320,320,0,32.82108987572549,0,0,0,320,1.0,1,0,320,0,0,0,0,0,0,0,0,0,0,0.0
114,2026-06-03 22:16:19,anomaly,-0.044322632090501246,"dwell_mean: 0.0000, dwell_median: 0.0000, event_count: 328.0000, press_count: 328.0000, key_press_rate: 32.8662, max_same_key_streak: 328.0000, most_common_key_ratio: 1.0000, letter_key_count: 328.0000",0.030479067503803907,0.0033541685896897344,0.020414113998413086,0.04075050354003906,0.030005455017089844,0,0,0,0,0,0,328,328,0,32.86616951987592,0,0,0,328,1.0,1,0,328,0,0,0,0,0,0,0,0,0,0,0.0
115,2026-06-03 22:16:24,anomaly,-0.044322632090501246,"dwell_mean: 0.0000, dwell_median: 0.0000, event_count: 328.0000, press_count: 328.0000, key_press_rate: 32.8678, max_same_key_streak: 328.0000, most_common_key_ratio: 1.0000, letter_key_count: 328.0000",0.030541595786508887,0.002450497392671718,0.0228579044342041,0.037743568420410156,0.030080318450927734,0,0,0,0,0,0,328,328,0,32.867823173897285,0,0,0,328,1.0,1,0,328,0,0,0,0,0,0,0,0,0,0,0.0
116,2026-06-03 22:16:28,anomaly,-0.04187791751969394,"dwell_mean: 0.0000, dwell_median: 0.0000, event_count: 307.0000, press_count: 305.0000, key_press_rate: 30.5348, max_same_key_streak: 294.0000, most_common_key_ratio: 0.9639, letter_key_count: 305.0000",0.03715020478373826,0.05037752616814366,0.020251035690307617,0.49071455001831055,0.029952526092529297,0,0,0,0,0,0,307,305,2,30.534823483145065,0,0,0,294,0.9639344262295082,2,0,305,0,0,0,0,0,0,0,0,0,0,0.0
117,2026-06-04 20:09:13,normal,0.12795342736889193,,0.129105738231114,0.04811472516747055,0.0839381217956543,0.2317030429840088,0.12120389938354492,0.11649298667907715,0.02906686457987962,0.11426675319671631,0,0,0,16,8,8,7.976464099955309,0,0,0,1,0.25,5,0,6,0,2,0,0,0,0,0,0,0,0,0.0
118,2026-06-04 20:09:17,normal,0.18220370031007171,,0.19783465950577347,0.12530396752859652,0.03430747985839844,0.5208549499511719,0.14756274223327637,0.10481374080364521,0.03211044569387073,0.09821963310241699,0.14484962224960327,0.1198811020723788,0.10475385189056396,54,28,26,5.241938089249588,0,0,0,2,0.21428571428571427,14,0,21,0,6,0,1,0,0,0,0,0,0,0.03571428571428571
119,2026-06-04 20:09:21,normal,0.17774861574888895,,0.20769030907574823,0.12417918562387284,0.03430747985839844,0.5208549499511719,0.15045678615570068,0.10268211364746094,0.030792886508312824,0.08977818489074707,0.15409925350776085,0.11819550799050063,0.1172102689743042,70,35,35,4.8987802290630285,0,0,0,2,0.22857142857142856,15,1,24,0,8,0,2,0,0,0,0,0,0,0.05714285714285714
120,2026-06-04 20:09:25,normal,0.11958951916701094,,0.33123467763264974,0.7633362511192096,0.03430747985839844,4.405558347702026,0.15438425540924072,0.09904886114186254,0.026911274018521385,0.09280967712402344,0.31733911970387335,0.8598790793820438,0.11664128303527832,60,31,29,3.1196411581016115,1,4.405558347702026,4.405558347702026,2,0.25806451612903225,15,1,21,0,8,0,1,0,0,0,0,0,0,0.03225806451612903
121,2026-06-04 20:09:29,normal,0.15687671502532502,,0.16693543686586268,0.07176754716634917,0.0777125358581543,0.3604886531829834,0.13438785076141357,0.10929694175720214,0.03422304890314464,0.10491776466369629,0.09098136866534198,0.0708790854913049,0.08388710021972656,70,35,35,6.116852626370479,0,0,0,2,0.22857142857142856,15,0,27,0,8,0,0,0,0,0,0,0,0,0.0
122,2026-06-04 20:09:33,normal,0.15614292043459282,,0.18213985231187607,0.11085954219441192,0.0777125358581543,0.7534337043762207,0.1450793743133545,0.1060440851294476,0.03343539822983513,0.0983130931854248,0.10558110161831505,0.11832908456200619,0.08389639854431152,92,46,46,5.522131488321861,0,0,0,2,0.21739130434782608,17,1,33,0,10,0,2,0,0,0,0,0,0,0.043478260869565216
123,2026-06-04 20:09:45,anomaly,-0.033171971892030916,"dwell_mean: 0.0000, dwell_median: 0.0000, press_count: 113.0000, key_press_rate: 29.2187, max_same_key_streak: 113.0000, most_common_key_ratio: 1.0000, letter_key_count: 113.0000",0.030379921498924795,0.0024080589325082094,0.02205371856689453,0.03803825378417969,0.030002117156982422,0,0,0,0,0,0,113,113,0,29.21866364211263,0,0,0,113,1.0,1,0,113,0,0,0,0,0,0,0,0,0,0,0.0
124,2026-06-04 20:09:49,anomaly,-0.044322632090501246,"dwell_mean: 0.0000, dwell_median: 0.0000, event_count: 246.0000, press_count: 246.0000, key_press_rate: 31.0905, max_same_key_streak: 246.0000, most_common_key_ratio: 1.0000, letter_key_count: 246.0000",0.030375386729384914,0.005034327947539029,0.013162851333618164,0.04514122009277344,0.029947996139526367,0,0,0,0,0,0,246,246,0,31.09048619756156,0,0,0,246,1.0,1,0,246,0,0,0,0,0,0,0,0,0,0,0.0
125,2026-06-04 20:09:54,anomaly,-0.03621075904664128,"dwell_mean: 0.0000, dwell_median: 0.0000, event_count: 312.0000, press_count: 311.0000, key_press_rate: 31.1933, max_same_key_streak: 208.0000, letter_key_count: 311.0000",0.030417654249403212,0.0034903972906134184,0.019728422164916992,0.04237627983093262,0.030068397521972656,0,0,0,0,0,0,312,311,1,31.1933315071461,0,0,0,208,0.6688102893890675,2,0,311,0,0,0,0,0,0,0,0,0,0,0.0
126,2026-06-04 20:09:58,anomaly,-0.037377163370232,"dwell_mean: 0.0000, dwell_median: 0.0000, event_count: 312.0000, press_count: 311.0000, key_press_rate: 31.1278, max_same_key_streak: 237.0000, most_common_key_ratio: 0.7621, letter_key_count: 311.0000",0.03061487457968972,0.003591609256439332,0.02233147621154785,0.03947186470031738,0.030164480209350586,0,0,0,0,0,0,312,311,1,31.127805193647987,0,0,0,237,0.7620578778135049,2,0,311,0,0,0,0,0,0,0,0,0,0,0.0
127,2026-06-04 20:10:02,anomaly,-0.044322632090501246,"dwell_mean: 0.0000, dwell_median: 0.0000, event_count: 329.0000, press_count: 329.0000, key_press_rate: 32.9062, max_same_key_streak: 329.0000, most_common_key_ratio: 1.0000, letter_key_count: 329.0000",0.030470330305773802,0.003072280759059918,0.020192384719848633,0.03917574882507324,0.03010249137878418,0,0,0,0,0,0,329,329,0,32.906223799548194,0,0,0,329,1.0,1,0,329,0,0,0,0,0,0,0,0,0,0,0.0
128,2026-06-04 20:10:06,anomaly,-0.044322632090501246,"dwell_mean: 0.0000, dwell_median: 0.0000, event_count: 329.0000, press_count: 329.0000, key_press_rate: 32.9107, max_same_key_streak: 329.0000, most_common_key_ratio: 1.0000, letter_key_count: 329.0000",0.030390780381482057,0.0027288348462018355,0.019192218780517578,0.038341522216796875,0.03003072738647461,0,0,0,0,0,0,329,329,0,32.91068381955354,0,0,0,329,1.0,1,0,329,0,0,0,0,0,0,0,0,0,0,0.0
129,2026-06-04 20:10:10,anomaly,-0.044322632090501246,"dwell_mean: 0.0000, dwell_median: 0.0000, event_count: 330.0000, press_count: 330.0000, key_press_rate: 33.0017, max_same_key_streak: 330.0000, most_common_key_ratio: 1.0000, letter_key_count: 330.0000",0.030363882430876146,0.002404004466984718,0.02366948127746582,0.04098105430603027,0.029920339584350586,0,0,0,0,0,0,330,330,0,33.001672781856875,0,0,0,330,1.0,1,0,330,0,0,0,0,0,0,0,0,0,0,0.0
130,2026-06-04 20:10:14,anomaly,-0.044322632090501246,"dwell_mean: 0.0000, dwell_median: 0.0000, event_count: 329.0000, press_count: 328.0000, key_press_rate: 32.8362, max_same_key_streak: 328.0000, most_common_key_ratio: 1.0000, letter_key_count: 328.0000",0.030376588455354323,0.003705669854361704,0.011282205581665039,0.05076003074645996,0.029885530471801758,0,0,0,0,0,0,329,328,1,32.83618921476941,0,0,0,328,1.0,1,0,328,0,0,0,0,0,0,0,0,0,0,0.0
131,2026-06-04 20:26:26,normal,0.15119950756909045,,0.17893193449292863,0.09488109466042083,0.07895207405090332,0.36180901527404785,0.15468847751617432,0.10032156535557338,0.04021730701597908,0.08799803256988525,0.12282198125665839,0.07993228255445445,0.12965011596679688,29,15,14,5.987911405892245,0,0,0,1,0.13333333333333333,11,0,12,0,2,0,1,0,0,0,0,0,0,0.06666666666666667
132,2026-06-04 20:26:30,normal,0.18727854527422277,,0.20532723516225815,0.16416390786727866,0.0736238956451416,0.977792501449585,0.16424894332885742,0.09399192780256271,0.03253841602069432,0.08343756198883057,0.1505246896010179,0.17015225232704775,0.1172938346862793,65,33,32,5.0224705903484415,0,0,0,2,0.18181818181818182,14,0,26,0,6,0,1,0,0,0,0,0,0,0.030303030303030304
133,2026-06-04 20:26:34,normal,0.11341604273333405,Repeated key usage changed,0.2066115935643514,0.31819021214616483,0.027227163314819336,2.0797975063323975,0.1407541036605835,0.09169663804950136,0.032234532619472324,0.08277344703674316,0.2098203363089726,0.3681575247572518,0.11896538734436035,83,49,34,4.940832775753137,1,2.0797975063323975,2.0797975063323975,16,0.3469387755102041,15,1,40,0,7,0,1,0,0,0,0,0,0,0.02040816326530612
134,2026-06-04 20:26:38,anomaly,-0.028105610454631225,"Number of key events changed, Number of key presses changed, Overall typing rate changed, Repeated key usage changed, Key repetition ratio changed, Letter key usage changed",0.03035917667427448,0.004765132540725375,0.017916202545166016,0.047995567321777344,0.029881000518798828,0.09050993919372559,0.03312342453508357,0.08336830139160156,0.23997365511380708,0.4985183583130809,0.09451150894165039,186,171,15,17.79769503384628,0,0,0,156,0.9181286549707602,12,1,167,0,3,0,0,0,0,0,0,0,0,0.0
135,2026-06-04 20:26:43,anomaly,-0.044322632090501246,"Key hold duration average changed, Typical key hold duration changed, Number of key events changed, Number of key presses changed, Overall typing rate changed, Repeated key usage changed, Key repetition ratio changed, Letter key usage changed",0.030421293143070106,0.00292192223976616,0.022346019744873047,0.04036760330200195,0.030009031295776367,0,0,0,0,0,0,291,291,0,31.358022967147825,0,0,0,291,1.0,1,0,291,0,0,0,0,0,0,0,0,0,0,0.0
136,2026-06-04 20:26:47,anomaly,-0.044322632090501246,"Key hold duration average changed, Typical key hold duration changed, Number of key events changed, Number of key presses changed, Overall typing rate changed, Repeated key usage changed, Key repetition ratio changed, Letter key usage changed",0.030523671044243708,0.007118577817506919,0.0022263526916503906,0.08532881736755371,0.029906272888183594,0,0,0,0,0,0,321,320,1,32.82926954788375,0,0,0,320,1.0,1,0,320,0,0,0,0,0,0,0,0,0,0,0.0
137,2026-06-04 20:27:39,normal,0.05796581139231366,"Key hold duration average changed, Typical key hold duration changed, Overall typing rate changed, Key repetition ratio changed",0.08252578311496311,0.14269649319978386,0.02285313606262207,0.4852421283721924,0.029891490936279297,0,0,0,0,0,0,10,10,0,13.463805724367015,0,0,0,10,1.0,1,0,10,0,0,0,0,0,0,0,0,0,0,0.0
138,2026-06-04 20:27:43,anomaly,-0.04012593512203522,"Key hold duration average changed, Typical key hold duration changed, Number of key events changed, Number of key presses changed, Overall typing rate changed, Repeated key usage changed, Key repetition ratio changed, Letter key usage changed",0.03014892761153404,0.004147346042942544,0.003917694091796875,0.03930521011352539,0.030505657196044922,0,0,0,0,0,0,135,134,1,29.352305172577402,0,0,0,133,0.9925373134328358,2,0,134,0,0,0,0,0,0,0,0,0,0,0.0
139,2026-06-04 20:27:47,anomaly,-0.03426303823596888,"Key hold duration average changed, Typical key hold duration changed, Number of key events changed, Number of key presses changed, Overall typing rate changed, Repeated key usage changed, Letter key usage changed",0.03043435077474575,0.004484041989985575,0.018921375274658203,0.04338836669921875,0.030564069747924805,0,0,0,0,0,0,265,264,1,29.39308622263906,0,0,0,133,0.5037878787878788,2,0,264,0,0,0,0,0,0,0,0,0,0,0.0
140,2026-06-04 20:27:51,anomaly,-0.037377163370232,"Key hold duration average changed, Typical key hold duration changed, Number of key events changed, Number of key presses changed, Overall typing rate changed, Repeated key usage changed, Key repetition ratio changed, Letter key usage changed",0.030403110716078017,0.0034864999143253434,0.022760629653930664,0.038785457611083984,0.030215024948120117,0,0,0,0,0,0,313,312,1,31.29401401352377,0,0,0,266,0.8525641025641025,2,0,312,0,0,0,0,0,0,0,0,0,0,0.0
141,2026-06-04 20:27:55,anomaly,-0.044322632090501246,"Key hold duration average changed, Typical key hold duration changed, Number of key events changed, Number of key presses changed, Overall typing rate changed, Repeated key usage changed, Key repetition ratio changed, Letter key usage changed",0.030522418744636303,0.003339949531086069,0.023783445358276367,0.042144060134887695,0.0303955078125,0,0,0,0,0,0,329,329,0,32.934763523357056,0,0,0,329,1.0,1,0,329,0,0,0,0,0,0,0,0,0,0,0.0
142,2026-06-04 20:27:59,anomaly,-0.044322632090501246,"Key hold duration average changed, Typical key hold duration changed, Number of key events changed, Number of key presses changed, Overall typing rate changed, Repeated key usage changed, Key repetition ratio changed, Letter key usage changed",0.03022771893125592,0.003726549063911159,0.020215272903442383,0.03879594802856445,0.030108928680419922,0,0,0,0,0,0,330,330,0,33.01000538345432,0,0,0,330,1.0,1,0,330,0,0,0,0,0,0,0,0,0,0,0.0
143,2026-06-04 20:28:04,anomaly,-0.044322632090501246,"Key hold duration average changed, Typical key hold duration changed, Number of key events changed, Number of key presses changed, Overall typing rate changed, Repeated key usage changed, Key repetition ratio changed, Letter key usage changed",0.030266740105368874,0.008164941132335514,0.008505105972290039,0.08868813514709473,0.030205965042114258,0,0,0,0,0,0,329,328,1,32.87138388466241,0,0,0,328,1.0,1,0,328,0,0,0,0,0,0,0,0,0,0,0.0
144,2026-06-04 20:58:41,normal,0.14926180701732777,,0.14895416895548502,0.04982500404509611,0.07917952537536621,0.2490999698638916,0.1508195400238037,0.11035281817118327,0.03605683922318853,0.10126543045043945,0.07350279887517293,0.03860567418230373,0.0743105411529541,31,16,15,7.16103935959953,0,0,0,2,0.1875,9,0,13,0,3,0,0,0,0,0,0,0,0,0.0
145,2026-06-04 20:58:45,normal,0.16564297758598057,,0.17104704315597946,0.08740516214204971,0.051685333251953125,0.49869608879089355,0.1508195400238037,0.1108837504135935,0.036885161996886816,0.10170614719390869,0.09652410704514076,0.08783065781600566,0.07617068290710449,76,38,38,5.926794452468506,0,0,0,2,0.18421052631578946,14,0,28,0,7,0,3,0,0,0,0,0,0,0.07894736842105263
146,2026-06-04 20:58:49,normal,0.14253201853819153,,0.19409206012884775,0.1468081167653123,0.051685333251953125,1.0060393810272217,0.15376055240631104,0.10789343288966588,0.03598229619495172,0.10048580169677734,0.12495436166462145,0.15688167669466646,0.08294939994812012,98,49,49,5.2225102117645985,1,1.0060393810272217,1.0060393810272217,2,0.20408163265306123,15,1,34,0,10,0,4,0,0,0,0,0,0,0.08163265306122448
147,2026-06-04 20:58:53,normal,0.08121513804218794,Time between keys consistency changed,0.49997509717941285,1.0738905721416543,0.10950350761413574,5.09759783744812,0.19461095333099365,0.10017904043197631,0.03132582796875243,0.09984636306762695,0.4760161147398107,1.1582061927081606,0.10925674438476562,42,21,21,2.1001045970559895,2,3.051818609237671,5.09759783744812,2,0.23809523809523808,11,1,11,0,5,0,4,0,0,0,0,0,0,0.19047619047619047
148,2026-06-04 20:58:57,anomaly,-0.010340051418869844,"Key hold duration average changed, Typical key hold duration changed, Repeated key usage changed, Key repetition ratio changed, Letter key usage changed",0.1859490414883228,0.7491121626794904,0.016371726989746094,5.09759783744812,0.030164718627929688,0,0,0,0,0,0,52,48,4,5.235686248901607,2,3.0850476026535034,5.09759783744812,45,0.9375,4,0,47,0,0,0,1,0,0,0,0,0,0,0.020833333333333332
149,2026-06-04 20:59:01,anomaly,-0.07332385243009021,"Key hold duration average changed, Key hold consistency changed, Typical key hold duration changed, Time between keys average changed, Typical time between keys changed, Number of typing pauses changed, Repeated key usage changed, Key repetition ratio changed, Letter key usage changed",0.1553725271808858,0.361020096176832,0.016371726989746094,1.7656540870666504,0.030321598052978516,0.34919146696726483,0.13651543608337577,0.39386916160583496,0.8363456726074219,0.276176488969262,0.7144665718078613,56,50,6,6.187626452478387,4,1.2609360218048096,1.7656540870666504,45,0.9,6,0,50,0,0,0,0,0,0,0,0,0,0,0.0
150,2026-06-04 20:59:06,normal,0.015315851497797794,"Key hold duration average changed, Key hold consistency changed, Number of typing pauses changed",0.3118498818627719,0.5392214749456529,0.0025408267974853516,1.7656540870666504,0.05987954139709473,0.31548941135406494,0.29677202312914586,0.14610815048217773,0.3573874235153198,0.4705674466513131,0.042500853538513184,59,30,29,3.074364844070853,5,1.4466775894165038,1.7656540870666504,1,0.13333333333333333,13,0,30,0,0,0,0,0,0,0,0,0,0,0.0
151,2026-06-04 20:59:10,anomaly,-0.04751148699227459,"Key hold consistency changed, Number of key events changed, Number of key presses changed, Number of key releases changed, Overall typing rate changed, Letter key usage changed",0.054891952360519254,0.0641220086248814,0.0025408267974853516,0.4256463050842285,0.03167080879211426,0.17737809519901454,0.23918580728064545,0.1065061092376709,0.08335435390472412,0.22183460895791055,0.025905132293701172,215,108,107,11.6167090079542,0,0,0,2,0.1574074074074074,13,0,108,0,0,0,0,0,0,0,0,0,0,0.0
152,2026-06-04 20:59:14,anomaly,-0.07074696228661714,"Key hold consistency changed, Number of key events changed, Number of key presses changed, Number of key releases changed, Overall typing rate changed, Letter key usage changed, Number key usage changed",0.053363590529470734,0.04897767169037136,0.0036973953247070312,0.3047914505004883,0.038965463638305664,0.13781359557706024,0.16310332296363275,0.1008145809173584,0.03504475768731565,0.04265839968483617,0.022257447242736816,383,191,192,19.131229445611304,0,0,0,2,0.14136125654450263,15,0,188,3,0,0,0,0,0,0,0,0,0,0.0
153,2026-06-04 20:59:18,anomaly,-0.053959154883727156,"Number of key events changed, Number of key presses changed, Number of key releases changed, Overall typing rate changed, Letter key usage changed, Number key usage changed",0.0698774414833146,0.188990542146535,0.001844644546508789,1.8964331150054932,0.038068532943725586,0.1250813957694527,0.06673785595858435,0.11994576454162598,0.06141892075538635,0.19613597240903288,0.029726624488830566,291,146,145,14.603474079713044,1,1.8964331150054932,1.8964331150054932,2,0.17123287671232876,15,0,143,3,0,0,0,0,0,0,0,0,0,0.0
154,2026-06-04 20:59:22,anomaly,-0.043689362051223535,"Number of key events changed, Number of key presses changed, Number of key releases changed, Overall typing rate changed, Letter key usage changed",0.11437763564888088,0.2786374949681229,0.001844644546508789,1.9056875705718994,0.07762432098388672,0.1402783285487782,0.06192902269160155,0.1406266689300537,0.12153062633439607,0.334303403045352,0.06463503837585449,179,88,91,8.810739542463027,2,1.9010603427886963,1.9056875705718994,1,0.26136363636363635,11,0,87,0,1,0,0,0,0,0,0,0,0,0.0
155,2026-06-04 20:59:27,anomaly,-0.011210128805186459,"Number of key events changed, Number of key presses changed, Number of key releases changed, Letter key usage changed",0.1229594498872757,0.2191815274375282,0.001844644546508789,1.9056875705718994,0.10142886638641357,0.13693532237300166,0.06394400811776624,0.13005399703979492,0.11426623165607452,0.255580146173339,0.06881356239318848,164,81,83,8.167688954181301,1,1.9056875705718994,1.9056875705718994,1,0.18518518518518517,18,0,75,0,5,0,1,0,0,0,0,0,0,0.012345679012345678
156,2026-06-04 20:59:31,normal,0.010736087326028265,"Number of key events changed, Number of key presses changed, Number of key releases changed, Letter key usage changed",0.15193188740656927,0.2605411539404524,0.0033555030822753906,1.9056875705718994,0.11356258392333984,0.1359811985131466,0.0695182656306446,0.13460314273834229,0.14680500728328053,0.2980639751955972,0.08031702041625977,134,66,68,6.648163675281094,1,1.9056875705718994,1.9056875705718994,1,0.16666666666666666,19,0,60,0,5,0,1,0,0,0,0,0,0,0.015151515151515152
157,2026-06-07 20:12:36,normal,0.1657953448888868,,0.16745629764738537,0.11232189034217983,0.05536007881164551,0.6188454627990723,0.16209793090820312,0.11987472715831939,0.03310678807832333,0.10942459106445312,0.10020988782246908,0.11181017896827818,0.0879216194152832,43,22,21,6.256074344991378,0,0,0,1,0.18181818181818182,12,0,18,0,4,0,0,0,0,0,0,0,0,0.0
158,2026-06-07 20:12:41,normal,0.17100107461507713,,0.19822330963917267,0.13479273086899055,0.05536007881164551,0.687201738357544,0.16266202926635742,0.11750737214699769,0.031868588725225064,0.11174559593200684,0.126850159962972,0.1400554275281043,0.09557044506072998,79,40,39,5.174169614602881,0,0,0,1,0.225,14,0,30,0,9,0,1,0,0,0,0,0,0,0.025
159,2026-06-07 20:12:45,normal,0.16485554932083435,,0.22473946484652432,0.1474486462741976,0.05536007881164551,0.687201738357544,0.17170310020446777,0.1150184366438124,0.03298860416289491,0.11129331588745117,0.15475213527679443,0.15208628426857507,0.10658657550811768,90,45,45,4.50810464933116,0,0,0,2,0.24444444444444444,16,1,32,0,11,0,1,0,0,0,0,0,0,0.022222222222222223
160,2026-06-07 20:12:49,normal,0.15772570118869933,,0.22285150939768011,0.12513030315146223,0.07598710060119629,0.5122156143188477,0.17919206619262695,0.10898559888203939,0.03679108852292496,0.10326600074768066,0.14052269960704603,0.12595257180990804,0.10494542121887207,91,45,46,4.50868196983279,0,0,0,2,0.2,16,2,32,0,9,0,2,0,0,0,0,0,0,0.044444444444444446
161,2026-06-07 20:12:53,normal,0.14555566239184314,,0.32693232695261637,0.4984386865659077,0.07598710060119629,2.5286686420440674,0.17842674255371094,0.10961060523986817,0.04035266301938926,0.09991991519927979,0.24493442641364205,0.5042389665866785,0.0844883918762207,61,31,30,3.1495744177576865,2,2.1176992654800415,2.5286686420440674,2,0.1935483870967742,13,2,22,0,6,0,1,0,0,0,0,0,0,0.03225806451612903
162,2026-06-07 20:12:57,normal,0.14797324311712323,,0.30143784031723486,0.48093420147317484,0.09518575668334961,2.5286686420440674,0.1618635654449463,0.11593977610270183,0.03677367971374474,0.108642578125,0.22373728094429807,0.4900468278168283,0.0844883918762207,68,34,34,3.4104348979415304,2,2.1176992654800415,2.5286686420440674,2,0.17647058823529413,15,1,26,0,6,0,1,0,0,0,0,0,0,0.029411764705882353
163,2026-06-07 20:13:01,normal,0.15782278895649932,,0.21829456374758766,0.24748718052629792,0.09518575668334961,1.7067298889160156,0.16135036945343018,0.11759289475374443,0.03295428061624266,0.1103067398071289,0.144613876062281,0.2556370024429102,0.09307694435119629,86,43,43,4.627013120619004,1,1.7067298889160156,1.7067298889160156,2,0.23255813953488372,16,2,30,0,10,0,1,0,0,0,0,0,0,0.023255813953488372
164,2026-06-07 20:13:09,normal,0.0804044159927782,"Time between keys average changed, Time between keys consistency changed",0.24505794048309326,0.1591421508712511,0.11011576652526855,0.6762168407440186,0.22227489948272705,0.11010893908413974,0.03831819233503093,0.0938558578491211,0.9748216470082601,2.2579551151692683,0.1546156406402588,23,11,12,1.1124541541354658,0,0,0,1,0.2727272727272727,7,0,8,0,3,0,0,0,0,0,0,0,0,0.0
165,2026-06-07 20:13:13,normal,0.15771546167818334,,0.22116725785391672,0.1363853893660329,0.023509740829467773,0.6762168407440186,0.1810743808746338,0.1066469821062955,0.033572119701291134,0.09467601776123047,0.1546806167153751,0.13239230741479185,0.1080620288848877,44,22,22,4.605713779738275,0,0,0,2,0.2727272727272727,10,2,12,0,6,0,2,0,0,0,0,0,0,0.09090909090909091
166,2026-06-07 20:13:33,anomaly,-0.027525274202224503,"Key hold duration average changed, Key hold consistency changed, Typical key hold duration changed, Overall typing rate changed, Number key usage changed",0.05650930851697922,0.055260355017424496,0.004906892776489258,0.259505033493042,0.03708148002624512,0.2305113712946574,0.2073069360384209,0.16651701927185059,0.03220667839050293,0.039538002252011706,0.021383285522460938,63,33,30,18.078939057066748,0,0,0,1,0.15151515151515152,17,0,29,4,0,0,0,0,0,0,0,0,0,0.0
167,2026-06-07 20:13:37,anomaly,-0.10822017141807605,"Key hold duration average changed, Key hold consistency changed, Number of key events changed, Number of key presses changed, Number of key releases changed, Overall typing rate changed, Letter key usage changed, Number key usage changed",0.052205507201377795,0.0459156327680736,0.0030007362365722656,0.18507862091064453,0.037404775619506836,0.1848500902002508,0.14842254479492417,0.14616036415100098,0.03714707547968084,0.03938987803808642,0.021562576293945312,222,112,110,18.598132593465344,0,0,0,1,0.125,22,0,100,12,0,0,0,0,0,0,0,0,0,0.0
168,2026-06-07 20:13:42,anomaly,-0.10997104987441075,"Key hold consistency changed, Number of key events changed, Number of key presses changed, Number of key releases changed, Overall typing rate changed, Letter key usage changed, Number key usage changed",0.054822748357599434,0.04290821272508841,0.0036978721618652344,0.18485760688781738,0.04667019844055176,0.17394768798744287,0.13285034255312392,0.1453779935836792,0.03558110945003549,0.03610492321950209,0.021562576293945312,371,184,187,18.408150963299047,0,0,0,2,0.13043478260869565,24,0,165,18,1,0,0,0,0,0,0,0,0,0.0
169,2026-06-07 20:13:50,anomaly,-0.015753599025398635,"Key hold duration average changed, Key hold consistency changed, Typical key hold duration changed",0.23371283019461284,0.7338465471551099,0.0067369937896728516,4.595823526382446,0.05948972702026367,0.20706936858949207,0.14358720561989372,0.15446078777313232,0.24646880796977452,0.8354716978351535,0.025449156761169434,88,42,46,4.208156348952964,2,2.8740869760513306,4.595823526382446,1,0.16666666666666666,18,0,42,0,0,0,0,0,0,0,0,0,0,0.0
170,2026-06-07 20:13:54,anomaly,-0.048541137263621414,"Fastest typing speed changed, Typical typing speed changed, Key hold duration average changed, Typical key hold duration changed, Time between keys average changed, Typical time between keys changed, Number of typing pauses changed",1.175389568010966,0.1957588468550937,0.8656351566314697,1.3864364624023438,1.2401196956634521,0.40819832256862093,0.03996075386971987,0.39467811584472656,0.7686048746109009,0.2265800329838236,0.8269567489624023,14,7,7,0.9372049261778773,4,1.3018043041229248,1.3864364624023438,1,0.14285714285714285,7,0,7,0,0,0,0,0,0,0,0,0,0,0.0
171,2026-06-07 20:13:58,anomaly,-0.051463887795405006,"Fastest typing speed changed, Typical typing speed changed, Key hold duration average changed, Typical key hold duration changed, Time between keys average changed, Typical time between keys changed, Number of typing pauses changed",1.343193667275565,0.24547438383716763,0.8656351566314697,1.774951696395874,1.3405413627624512,0.3981622968401228,0.03813212817388935,0.3918755054473877,0.9450313704354423,0.2592741382110408,0.9761755466461182,15,8,7,0.8508506038263491,6,1.4227867523829143,1.774951696395874,1,0.25,7,0,8,0,0,0,0,0,0,0,0,0,0,0.0
172,2026-06-07 20:14:02,anomaly,-0.047383247017007135,"Typical typing speed changed, Key hold duration average changed, Key hold consistency changed, Typical key hold duration changed, Time between keys average changed, Typical time between keys changed, Number of typing pauses changed",1.2383241994040353,0.7070474567694659,0.14817523956298828,2.1845757961273193,1.4034757614135742,0.34118785176958355,0.13739791283229735,0.41668009757995605,1.0378225190298898,0.44702376955919026,1.0458862781524658,16,8,8,0.8287516664538048,5,1.6529698371887207,2.1845757961273193,1,0.125,8,0,7,0,1,0,0,0,0,0,0,0,0,0.0
173,2026-06-07 20:14:06,normal,0.10768747442812909,Number of typing pauses changed,0.33249556607213515,0.4900457193016318,0.08737397193908691,2.1845757961273193,0.17614316940307617,0.148052717077321,0.10076442642406293,0.10764312744140625,0.25450921058654785,0.4364261227090173,0.10239863395690918,59,30,29,3.1112678308505863,3,1.7288237412770588,2.1845757961273193,1,0.23333333333333334,14,0,23,0,7,0,0,0,0,0,0,0,0,0.0
174,2026-06-07 20:14:10,normal,0.15911181711206818,,0.19812815688377203,0.13371235740109744,0.08737397193908691,0.8400917053222656,0.16937518119812012,0.11093323880975897,0.0372741558252599,0.0952678918838501,0.12226958708329634,0.15173485496641434,0.09251928329467773,88,44,44,5.1128555798065705,0,0,0,2,0.25,18,1,31,0,11,0,1,0,0,0,0,0,0,0.022727272727272728
175,2026-06-07 20:14:14,normal,0.17828586871586205,,0.22612565617228664,0.19753997105201573,0.06405091285705566,1.0034387111663818,0.1664285659790039,0.10835183750499379,0.03789981604087929,0.09418344497680664,0.1543083395276751,0.21889819737723012,0.08191251754760742,88,44,44,4.459607467189091,1,1.0034387111663818,1.0034387111663818,2,0.20454545454545456,18,1,32,0,9,0,2,0,0,0,0,0,0,0.045454545454545456
176,2026-06-07 20:14:18,normal,0.17202538178372995,,0.27081374440874373,0.2300236864274099,0.06405091285705566,1.0034387111663818,0.18384575843811035,0.10682360331217448,0.0348114363108451,0.09277379512786865,0.20330249852147594,0.24262369546171106,0.09333324432373047,72,36,36,3.7675905648688164,1,1.0034387111663818,1.0034387111663818,2,0.19444444444444445,17,2,25,0,7,0,2,0,0,0,0,0,0,0.05555555555555555
177,2026-06-07 20:14:22,normal,0.15421749485552805,,0.3098604679107666,0.4425079177981295,0.07372808456420898,2.474017381668091,0.16761362552642822,0.11265289422237512,0.034730102251806894,0.10598087310791016,0.2677284526824951,0.4861240182193018,0.09797310829162598,66,33,33,3.3025496449483174,2,1.7387280464172363,2.474017381668091,2,0.18181818181818182,15,1,25,0,6,0,1,0,0,0,0,0,0,0.030303030303030304
178,2026-06-07 20:14:27,normal,0.1377073194113716,Character key usage changed,0.2517460737472925,0.3848910300067379,0.04459977149963379,2.474017381668091,0.16370773315429688,0.10917865037918091,0.03470559982757389,0.10168719291687012,0.20262348651885986,0.42898886511265566,0.09413409233093262,80,40,40,4.028211378565024,1,2.474017381668091,2.474017381668091,2,0.225,15,3,26,0,9,0,2,0,0,0,0,0,0,0.05
